ITEMID,INAME,YEARS,DAYS,Tags
1,"Brother's medallion",500,182546,"Dangerous,Important,Magic,Remembered,Token,Trinket"
2,rock,499,182485,"Important,Remembered"
3,"Crumpled sketch of a flying machine",281,102854,"NonMagic,Safe,Trinket"
4,"Vial of clear oil with a sweet scent",5,2041,"AlchemySupply,NonMagic,RawMaterial,Safe,Stolen"
5,"Twisted copper spring",207,75912,"NonMagic,Part,Safe,Tool"
6,"Set of three miniature screwdrivers",325,118975,"Magic,NonMagic,Part,Safe,Tool"
7,"Worn spool of golden thread",34,12483,"Clothing,NonMagic,Safe"
8,"Pocket-sized folding compass",356,130070,"Device,NonMagic,Safe,Trinket"
9,"Clay marble with a swirling glaze",446,163003,"NonMagic,Safe,Stolen,Trinket"
10,"Paper-wrapped bundle of mixed screws",0,6,"Magic,Part,RawMaterial,Recent,Remembered,Safe"
11,"Tin whistle, slightly dented",292,106821,"NonMagic,Safe,Trinket"
12,"Sliver of smoked glass",311,113809,"NonMagic,RawMaterial,Safe"
13,"Tinker's file, dulled with use",279,101839,"NonMagic,Safe,Tool"
14,"Vial of quick-setting resin",392,143244,"AlchemySupply,NonMagic,RawMaterial,Safe"
15,"Folded paper fan, painted with stars",349,127668,"NonMagic,Safe,Trinket"
16,"Personal trinket: Tiny silver thimble",156,57083,"Important,Remembered,Trinket"
17,"Drawstring pouch full of buttons",169,62012,"Clothing,NonMagic,Safe,Stolen,Trinket"
18,"Wooden cog with burned runes",455,166339,"Magic,Part,Safe,Tool"
19,"Coil of copper wire",309,112794,"NonMagic,Part,RawMaterial,Safe"
20,"Empty inkwell with flecks of turquoise ink",336,122794,"Device,NonMagic,Safe"
21,"Chunk of beeswax",27,10104,"NonMagic,RawMaterial,Safe,Stolen"
22,"Charcoal pencil worn to a nub",492,179617,"NonMagic,RawMaterial,Safe"
23,"Cloth tape measure (frayed at 42”)",340,124147,"Clothing,Magic,NonMagic,Safe"
24,"Brass monocle with cracked lens",303,110790,"NonMagic,Safe,Trinket"
25,"Shard of polished sea glass",397,145148,"NonMagic,Safe,Trinket"
26,"Leather strap with tiny buckles",298,108950,"Clothing,NonMagic,Safe"
27,"Half-carved figurine of a cat",77,28464,"Important,NonMagic,Remembered,Safe,Trinket"
28,"Pouch of dried lavender",122,44682,"Clothing,NonMagic,Safe"
29,"Folded paper glider with writing on the wing",38,14177,"NonMagic,Safe,Trinket"
30,"Small metal stamp of a leaf",440,160936,"NonMagic,Part,Safe"
31,"Personal trinket: Feather with metallic sheen",98,35922,"Important,Remembered,Safe,Trinket"
32,"Pair of fine tweezers",72,26591,"Magic,NonMagic,Safe,Tool"
33,"Threaded brass ring (non-magical)",258,94356,"Clothing,NonMagic,Safe"
34,"Piece of soft felt, indigo-dyed",329,120381,"Clothing,NonMagic,Safe,Stolen"
35,"Vial of powdered pigment (ochre)",453,165373,"AlchemySupply,NonMagic,RawMaterial,Safe"
36,"Pocket sundial",50,18339,"Device,NonMagic,Safe"
37,"Small bell with a silent clapper",327,119556,"Device,NonMagic,Safe"
38,"Wound ball of string, striped",492,179813,"Clothing,NonMagic,Safe"
39,"Cracked ceramic bead with blue glaze",9,3383,"Recent,Remembered,Safe,Trinket"
40,"Folded scrap of musical notation",485,177070,"NonMagic,Safe,Trinket"
41,"Fragment of stained glass",336,122948,"Magic,NonMagic,Safe,Trinket"
42,"Length of chain with miniature hook",288,105297,"NonMagic,Part,Safe,Stolen,Tool"
43,"Miniature paintbrush (no bristles)",76,27940,"NonMagic,Safe,Tool"
44,"Carved cork stopper",336,122964,"NonMagic,Safe,Trinket"
45,"Sheet of copper foil",457,166881,"NonMagic,Part,RawMaterial,Safe"
46,"Small box of flint and steel",307,112133,"NonMagic,Part,Safe,Tool"
47,"Embroidered scrap from an old banner",240,87821,"Clothing,NonMagic,Safe"
48,"Wooden ruler, split in the middle",108,39452,"NonMagic,Safe,Tool"
49,"Small brass hinge",108,39596,"NonMagic,Part,Safe,Stolen"
50,"Stitched patch shaped like a fox",95,34745,"Clothing,NonMagic,Safe,Trinket"
51,"Spool of conductive thread",67,24598,"Clothing,NonMagic,RawMaterial,Safe"
52,"Tuning fork with etched notes",412,150558,"NonMagic,Safe,Trinket"
53,"Pin of silver shaped like a lily",367,134002,"NonMagic,Safe,Stolen,Trinket"
54,"Bent nail saved for “later use”",490,179103,"NonMagic,Part,Safe"
55,"Thin chisel with ornamental grip",293,107049,"Magic,NonMagic,Part,Safe,Tool"
56,"Glass bottle with layered colored sand",109,39880,"NonMagic,RawMaterial,Safe,Trinket"
57,"Card with pressed flower sealed in wax",156,57047,"NonMagic,Safe,Trinket"
58,"Wooden peg painted like a tiny soldier",140,51218,"NonMagic,Safe,Trinket"
59,"Bundle of dyed feathers",435,158906,"NonMagic,Safe,Trinket"
60,"Compass needle in a wax paper packet",117,42941,"NonMagic,Part,Safe"
61,"Small tin marked “springs & things”",414,151330,"NonMagic,Part,Safe,Tool"
62,"Wire loop with unknown purpose",293,107234,"NonMagic,Part,Safe"
63,"Empty brass cartridge casing",53,19586,"NonMagic,Part,Safe"
64,"Block of scented soap (cedar)",68,25142,"FOOD,NonMagic,Safe"
65,"Cracked magnifying lens",129,47396,"Device,NonMagic,Safe"
66,"Matchbox full of carved wooden stars",322,117640,"Important,NonMagic,Remembered,Safe,Trinket"
67,"Tiny hourglass (sand has settled)",341,124612,"NonMagic,Safe,Trinket"
68,"Strip of linen printed with equations",430,157009,"NonMagic,RawMaterial,Safe"
69,"Shard of mirror painted with sigils",220,80359,"Magic,Magic,Safe,Trinket"
70,"Leather-bound scrap of blueprint",48,17761,"NonMagic,Safe,Trinket"
71,"Personal trinket: Thread-tied toothpick carvings",369,134765,"Important,Remembered,Trinket"
72,"Thread-wrapped magnet",19,6997,"NonMagic,Part,Safe"
73,"Vial of glittering mineral dust",475,173377,"AlchemySupply,NonMagic,RawMaterial,Safe"
74,"Bone needle (smooth and old)",489,178726,"Magic,NonMagic,Safe,Tool"
75,"Miniature harmonica (1 note stuck)",360,131616,"Device,NonMagic,Safe"
76,"Brass buckle with stylized sun",380,139061,"Clothing,NonMagic,Safe,Trinket"
77,"Coin from a country that doesn’t exist",11,4363,"Currency,NonMagic,Safe,Stolen,Trinket"
78,"Bundle of cloth strips (various colors)",135,49436,"Clothing,Magic,NonMagic,Safe"
79,"Scorched scrap of parchment",213,77785,"Dangerous,NonMagic,Trinket"
80,"Unfired clay bead",436,159496,"NonMagic,RawMaterial,Safe"
81,"Segment of coiled spring steel",54,19984,"NonMagic,Part,Safe"
82,"Folded letter in indecipherable script",371,135687,"NonMagic,Safe,Trinket"
83,"Wax-sealed bottle with mystery liquid",412,150615,"AlchemySupply,Magic,Safe"
84,"Tiny spool of copper braid",127,46493,"NonMagic,Part,Safe"
85,"Burnt match with a rune on it",434,158601,"Dangerous,Magic,Safe,Stolen"
86,"Hexagonal nut (too small for anything)",28,10331,"NonMagic,Part,Safe"
87,"Small corked jar of red sand",279,102005,"AlchemySupply,NonMagic,RawMaterial,Safe"
88,"Fish scale laminated in glass",445,162486,"AlchemySupply,NonMagic,RawMaterial,Safe"
89,"Pebble that hums when warm",263,96031,"Magic,Safe,Trinket"
90,"Pocket sewing kit (missing needle)",461,168478,"Clothing,NonMagic,Safe,Tool"
91,"Miniature trowel (flat edge worn)",347,126675,"Magic,NonMagic,Safe,Tool"
92,"Tattered cloth bookmark with initials",196,71632,"Clothing,NonMagic,Safe,Trinket"
93,"Wedge of polished bone (non-magical)",77,28116,"NonMagic,Safe,Trinket"
94,"Dried leaf laminated between clear wax",402,147082,"FOOD,NonMagic,Safe"
95,"Copper pipe elbow (unfitted)",363,132505,"Magic,NonMagic,Part,Safe"
96,"Smoothed stick of charcoal",170,62233,"NonMagic,RawMaterial,Safe"
97,"Soft leather pouch, empty",27,10023,"Clothing,NonMagic,Safe,Trinket"
98,"Folded metal clasp (bent)",484,176900,"NonMagic,Part,Safe,Stolen"
99,"Wire mesh square (2x2 inches)",211,77349,"NonMagic,Part,Safe"
100,"Stone tile fragment with inlaid spiral",416,151995,"NonMagic,Safe,Trinket"
101,"Threaded brass fitting",13,4837,"NonMagic,Part,Safe,TinkeringGear,Tool"
102,"Steel bolt with hex head",43,15720,"NonMagic,Part,Safe,TinkeringGear,Tool"
103,"Copper gear with 24 teeth",8,3140,"NonMagic,Part,Safe,TinkeringGear,Tool"
104,"Miniature iron pulley",474,173020,"NonMagic,Part,Safe,TinkeringGear,Tool"
105,"Cast iron bracket",21,8024,"Magic,NonMagic,Part,Safe,TinkeringGear,Tool"
106,"Set of brass spacers",0,186,"NonMagic,Part,Recent,Remembered,Safe,TinkeringGear,Tool"
107,"Polished steel washer",0,3,"NonMagic,Part,Recent,Remembered,Safe,TinkeringGear,Tool"
108,"Flathead adjustment screw",61,22291,"NonMagic,Part,Safe,TinkeringGear,Tool"
109,"Machined steel armature",398,145628,"NonMagic,Part,Safe,TinkeringGear,Tool"
110,"Segment of copper tubing",13,4892,"NonMagic,Part,Safe,Stolen,TinkeringGear,Tool"
111,"Miniature brass vise",0,12,"NonMagic,Part,Recent,Remembered,Safe,TinkeringGear,Tool"
112,"Steel spring (3 turns)",231,84679,"Magic,NonMagic,Part,Safe,TinkeringGear,Tool"
113,"Box of mixed fasteners",312,113905,"NonMagic,Part,Safe,TinkeringGear,Tool"
114,"Slotted steel plate",0,100,"NonMagic,Part,Safe,TinkeringGear,Tool"
115,"Aluminum clamp ring",488,178321,"NonMagic,Part,Safe,TinkeringGear,Tool"
116,"Segment of toothed belt",38,14031,"NonMagic,Part,Safe,TinkeringGear,Tool"
117,"Machined brass hinge",134,49241,"NonMagic,Part,Safe,TinkeringGear,Tool"
118,"Fine adjustment knob (steel)",397,145085,"NonMagic,Part,Safe,Stolen,TinkeringGear,Tool"
119,"Iron flange with bolt holes",172,63013,"NonMagic,Part,Safe,TinkeringGear,Tool"
120,"Small caliper (brass jaws)",0,181,"NonMagic,Part,Recent,Remembered,Safe,TinkeringGear,Tool"
121,"Threaded steel rod",350,127864,"NonMagic,Part,Safe,TinkeringGear,Tool"
122,"Steel locking collar",72,26529,"NonMagic,Part,Safe,TinkeringGear,Tool"
123,"Set of iron cotter pins",0,78,"NonMagic,Part,Recent,Remembered,Safe,TinkeringGear,Tool"
124,"Adjustable tension bolt",9,3422,"Magic,NonMagic,Part,Safe,TinkeringGear,Tool"
125,"Brass hex coupling",418,152770,"NonMagic,Part,Safe,TinkeringGear,Tool"
126,"Steel rail stop",103,37623,"NonMagic,Part,Safe,TinkeringGear,Tool"
127,"Fitted bearing cap",0,4,"NonMagic,Part,Recent,Remembered,Safe,Stolen,TinkeringGear,Tool"
128,"Rotary axle joint",395,144239,"NonMagic,Part,Safe,TinkeringGear,Tool"
129,"Notched alignment tab",0,136,"Important,Important,NonMagic,Part,Remembered,Remembered,Safe,TinkeringGear,Tool"
130,"Brass split washer",20,7512,"NonMagic,Part,Safe,TinkeringGear,Tool"
131,"Iron shim plate",156,57264,"NonMagic,Part,Safe,TinkeringGear,Tool"
132,"Small crank handle",56,20645,"NonMagic,Part,Safe,TinkeringGear,Tool"
133,"Compression ring (steel)",413,150940,"NonMagic,Part,Safe,TinkeringGear,Tool"
134,"Brass retaining clip",0,84,"NonMagic,Part,Recent,Remembered,Safe,Stolen,TinkeringGear,Tool"
135,"Steel locking nut",147,54000,"Magic,NonMagic,Part,Safe,TinkeringGear,Tool"
136,"Set of small bushings",0,1,"NonMagic,Part,Recent,Remembered,Safe,TinkeringGear,Tool"
137,"Gear segment (9 teeth)",58,21470,"NonMagic,Part,Safe,TinkeringGear,Tool"
138,"Double-threaded screw",488,178413,"NonMagic,Part,Safe,TinkeringGear,Tool"
139,"Flat steel baffle plate",27,9899,"NonMagic,Part,Safe,TinkeringGear,Tool"
140,"Iron valve stem",296,108155,"NonMagic,Part,Safe,TinkeringGear,Tool"
141,"Crossbar coupler fitting",0,58,"Magic,NonMagic,Part,Recent,Remembered,Safe,TinkeringGear,Tool"
142,"Slotted rotary shaft",79,29153,"NonMagic,Part,Safe,TinkeringGear,Tool"
143,"Small tensioning wheel",34,12724,"NonMagic,Part,Safe,TinkeringGear,Tool"
144,"Knurled grip sleeve",109,39806,"NonMagic,Part,Safe,TinkeringGear,Tool"
145,"Anchor bolt with washer",1,402,"NonMagic,Part,Safe,TinkeringGear,Tool"
146,"Segment of copper winding",41,15101,"NonMagic,Part,Safe,TinkeringGear,Tool"
147,"Fixed position dial stop",33,12086,"NonMagic,Part,Safe,TinkeringGear,Tool"
148,"Cast iron sprocket",327,119391,"NonMagic,Part,Safe,TinkeringGear,Tool"
149,"Brass sleeve bearing",2,986,"Important,NonMagic,Part,Remembered,Safe,TinkeringGear,Tool"
150,"Lock-ring with threaded edge",6,2544,"Magic,NonMagic,Part,Safe,TinkeringGear,Tool"
151,"Flanged steel wheel",305,111500,"NonMagic,Part,Safe,TinkeringGear,Tool"
152,"Steel spring pin",0,20,"NonMagic,Part,Recent,Remembered,Safe,Stolen,TinkeringGear,Tool"
153,"Split copper terminal",189,69000,"NonMagic,Part,Safe,TinkeringGear,Tool"
154,"Slotted crank pin",408,149274,"NonMagic,Part,Safe,TinkeringGear,Tool"
155,"Threaded coupling nut",356,130038,"NonMagic,Part,Safe,TinkeringGear,Tool"
156,"Miniature tension ring",0,133,"Important,NonMagic,Part,Remembered,Safe,TinkeringGear,Tool"
157,"Bolt-action cam lever",0,150,"NonMagic,Part,Safe,TinkeringGear,Tool"
158,"Steel ball bearing (8 mm)",37,13770,"NonMagic,Part,Safe,TinkeringGear,Tool"
159,"Washer stack (mixed)",94,34482,"NonMagic,Part,Safe,TinkeringGear,Tool"
160,"Tapped anchor plate",2,761,"NonMagic,Part,Recent,Remembered,Safe,TinkeringGear,Tool"
161,"Bearing shell, brass",25,9188,"NonMagic,Part,Safe,TinkeringGear,Tool"
162,"Machined guide rail",493,180294,"NonMagic,Part,Safe,TinkeringGear,Tool"
163,"Segment of worm gear",78,28511,"NonMagic,Part,Safe,TinkeringGear,Tool"
164,"Iron U-bracket",335,122284,"NonMagic,Part,Safe,TinkeringGear,Tool"
165,"Precision guide pin",149,54679,"NonMagic,Part,Safe,Stolen,TinkeringGear,Tool"
166,"Set of brass pins",26,9830,"Magic,NonMagic,Part,Safe,TinkeringGear,Tool"
167,"Slotted mounting tab",355,129835,"NonMagic,Part,Safe,TinkeringGear,Tool"
168,"Roller wheel with axle",1,514,"Important,NonMagic,Part,Remembered,Safe,TinkeringGear,Tool"
169,"Finned brass heatsink",4,1524,"NonMagic,Part,Safe,TinkeringGear,Tool"
170,"Steel cotter sleeve",89,32717,"NonMagic,Part,Safe,TinkeringGear,Tool"
171,"Quick-release locking pin",0,19,"NonMagic,Part,Recent,Remembered,Safe,TinkeringGear,Tool"
172,"Segment of braided wire",211,77363,"NonMagic,Part,Safe,TinkeringGear,Tool"
173,"Insulated connector block",29,10757,"Magic,NonMagic,Part,Safe,TinkeringGear,Tool"
174,"Copper tie rod",427,156054,"NonMagic,Part,Safe,TinkeringGear,Tool"
175,"Small knurled set screw",7,2871,"NonMagic,Part,Safe,TinkeringGear,Tool"
176,"Machined toggle clamp",269,98520,"Important,NonMagic,Part,Remembered,Safe,TinkeringGear,Tool"
177,"Steel indexing plate",51,18640,"NonMagic,Part,Safe,TinkeringGear,Tool"
178,"Welded brace (2-inch)",212,77741,"NonMagic,Part,Safe,TinkeringGear,Tool"
179,"Cast iron elbow",98,36112,"NonMagic,Part,Safe,Stolen,TinkeringGear,Tool"
180,"Polished steel disk",0,40,"Magic,NonMagic,Part,Safe,TinkeringGear,Tool"
181,"Friction cap (rubber edge)",422,154387,"NonMagic,Part,Safe,TinkeringGear,Tool"
182,"Coupling ring with teeth",36,13502,"NonMagic,Part,Safe,TinkeringGear,Tool"
183,"Steel crossbeam stub",284,103992,"NonMagic,Part,Safe,TinkeringGear,Tool"
184,"Flat-faced hinge plate",156,57038,"NonMagic,Part,Safe,Stolen,TinkeringGear,Tool"
185,"Threaded alignment peg",0,125,"NonMagic,Part,Safe,TinkeringGear,Tool"
186,"Split shaft collar",485,177221,"Magic,NonMagic,Part,Safe,TinkeringGear,Tool"
187,"Guide bushing (press-fit)",4,1490,"NonMagic,Part,Safe,TinkeringGear,Tool"
188,"Iron positioning washer",493,180185,"NonMagic,Part,Safe,TinkeringGear,Tool"
189,"Steel faceplate ring",10,3979,"NonMagic,Part,Safe,TinkeringGear,Tool"
190,"Miniature bearing retainer",192,70245,"NonMagic,Part,Safe,TinkeringGear,Tool"
191,"Offset arm lever",3,1239,"NonMagic,Part,Safe,TinkeringGear,Tool"
192,"Steel hanger bracket",75,27680,"NonMagic,Part,Safe,TinkeringGear,Tool"
193,"Slotted indexing ring",393,143697,"NonMagic,Part,Safe,TinkeringGear,Tool"
194,"Copper contact pad",9,3583,"NonMagic,Part,Safe,TinkeringGear,Tool"
195,"Notched slider plate",199,72945,"NonMagic,Part,Safe,Stolen,TinkeringGear,Tool"
196,"Shouldered anchor pin",0,6,"NonMagic,Part,Recent,Remembered,Safe,TinkeringGear,Tool"
197,"Friction tension washer",113,41373,"NonMagic,Part,Safe,TinkeringGear,Tool"
198,"Set of three axle pins",142,52123,"NonMagic,Part,Safe,TinkeringGear,Tool"
199,"Threaded flange collar",5,1836,"NonMagic,Part,Safe,TinkeringGear,Tool"
200,"Brass gear segment (12° arc)",87,31992,"NonMagic,Part,Safe,TinkeringGear,Tool"
201,"Vial of red sand",365,133457,"Alchemical,AlchemySupply,AlchemySupplySet,Dangerous,Magic,RawMaterial"
202,"Sealed flask containing quicklime",473,172921,"Alchemical,AlchemySupply,AlchemySupplySet,Dangerous,RawMaterial"
203,"Packet of alchemical chalk",0,6,"Alchemical,AlchemySupply,AlchemySupplySet,RawMaterial,Recent,Remembered,Safe,Stolen"
204,"Mortar-stained copper spoon",24,8793,"Alchemical,AlchemySupply,AlchemySupplySet,RawMaterial,Safe"
205,"Bundle of dried lavender",302,110391,"Alchemical,AlchemySupply,AlchemySupplySet,RawMaterial,Safe"
206,"Stoppered jar of ether oil",45,16638,"Alchemical,AlchemySupply,AlchemySupplySet,Dangerous,RawMaterial"
207,"Vial of glow paste",336,122823,"Alchemical,AlchemySupply,AlchemySupplySet,RawMaterial,Safe"
208,"Flask of moonwater",494,180339,"Alchemical,AlchemySupply,AlchemySupplySet,RawMaterial,Safe"
209,"Sealed jar of crushed bone",214,78295,"Alchemical,AlchemySupply,AlchemySupplySet,Dangerous,RawMaterial"
210,"Dusted glass vial (empty)",89,32791,"Alchemical,AlchemySupply,AlchemySupplySet,RawMaterial,Safe"
211,"Folded packet of ash flakes",132,48324,"Alchemical,AlchemySupply,AlchemySupplySet,RawMaterial,Safe"
212,"Labeled flask: aether sediment",388,141739,"Alchemical,AlchemySupply,AlchemySupplySet,RawMaterial,Safe"
213,"Pouch of iron filings",440,160946,"Alchemical,AlchemySupply,AlchemySupplySet,Dangerous,Magic,RawMaterial"
214,"Cork-stoppered vial (red residue)",310,113194,"Alchemical,AlchemySupply,AlchemySupplySet,Dangerous,RawMaterial,Stolen"
215,"Bundle of dried duskmint",382,139567,"Alchemical,AlchemySupply,AlchemySupplySet,RawMaterial,Safe"
216,"Wide-mouthed clay jar",2,1040,"Alchemical,AlchemySupply,AlchemySupplySet,RawMaterial,Recent,Remembered,Safe"
217,"Mortar with herb residue",12,4567,"Alchemical,AlchemySupply,AlchemySupplySet,RawMaterial,Safe"
218,"Labeled sachet of wormroot",0,127,"Alchemical,AlchemySupply,AlchemySupplySet,Important,RawMaterial,Remembered,Safe"
219,"Vial of quicksilver suspension",340,124170,"Alchemical,AlchemySupply,AlchemySupplySet,Dangerous,RawMaterial"
220,"Glass dropper bottle (half-full)",0,103,"Alchemical,AlchemySupply,AlchemySupplySet,RawMaterial,Recent,Remembered,Safe"
221,"Packet of powdered brimstone",260,95087,"Alchemical,AlchemySupply,AlchemySupplySet,Dangerous,RawMaterial,Stolen"
222,"Waxed paper pouch: glow spores",490,179111,"Alchemical,AlchemySupply,AlchemySupplySet,Dangerous,Magic,RawMaterial"
223,"Twisted vial of volatile salt",48,17601,"Alchemical,AlchemySupply,AlchemySupplySet,Dangerous,RawMaterial"
224,"Spoon stained with purple tincture",29,10923,"Alchemical,AlchemySupply,AlchemySupplySet,RawMaterial,Safe"
225,"Metal canister of sediment extract",3,1349,"Alchemical,AlchemySupply,AlchemySupplySet,RawMaterial,Safe"
226,"Stoppered vial with brown scum",13,4822,"Alchemical,AlchemySupply,AlchemySupplySet,Dangerous,RawMaterial"
227,"Linen-wrapped bundle of dried herbs",499,182204,"Alchemical,AlchemySupply,AlchemySupplySet,RawMaterial,Safe"
228,"Crystal phial: lunar dust",0,119,"Alchemical,AlchemySupply,AlchemySupplySet,RawMaterial,Recent,Remembered,Safe"
229,"Folded leaf packet: duskmint shavings",0,56,"Alchemical,AlchemySupply,AlchemySupplySet,Important,RawMaterial,Recent,Remembered,Remembered,Safe"
230,"Alum-crusted stirring rod",253,92407,"Alchemical,AlchemySupply,AlchemySupplySet,RawMaterial,Safe"
231,"Black-glass vial (opaque)",311,113550,"Alchemical,AlchemySupply,AlchemySupplySet,Dangerous,Magic,RawMaterial"
232,"Thin glass pipette (intact)",0,40,"Alchemical,AlchemySupply,AlchemySupplySet,RawMaterial,Recent,Remembered,Safe"
233,"Sachet marked “arcane ash”",134,49123,"Alchemical,AlchemySupply,AlchemySupplySet,RawMaterial,Safe,Stolen"
234,"Vial: silver-tinged water",25,9374,"Alchemical,AlchemySupply,AlchemySupplySet,RawMaterial,Safe"
235,"Herbal extract in corked tube",0,252,"Alchemical,AlchemySupply,AlchemySupplySet,Important,RawMaterial,Remembered,Safe"
236,"Bottle marked: aether base",421,153908,"Alchemical,AlchemySupply,AlchemySupplySet,RawMaterial,Safe"
237,"Wax-lined herb packet (cracked)",0,180,"Alchemical,AlchemySupply,AlchemySupplySet,RawMaterial,Recent,Remembered,Safe"
238,"Flask of powdered coal dust",102,37419,"Alchemical,AlchemySupply,AlchemySupplySet,Dangerous,RawMaterial"
239,"Stoppered green flask (viscous)",18,6722,"Alchemical,AlchemySupply,AlchemySupplySet,Dangerous,RawMaterial"
240,"Jar containing dried moss clumps",66,24305,"Alchemical,AlchemySupply,AlchemySupplySet,Magic,RawMaterial,Safe"
241,"Copper stirring spoon",37,13823,"Alchemical,AlchemySupply,AlchemySupplySet,RawMaterial,Safe"
242,"Soft clay container (char-stained)",0,69,"Alchemical,AlchemySupply,AlchemySupplySet,RawMaterial,Recent,Remembered,Safe"
243,"Blackroot paste in sealed pot",23,8509,"Alchemical,AlchemySupply,AlchemySupplySet,Dangerous,RawMaterial"
244,"Clear vial: glowing sediment",493,180284,"Alchemical,AlchemySupply,AlchemySupplySet,RawMaterial,Safe"
245,"Bundle of flattened herb stalks",429,156871,"Alchemical,AlchemySupply,AlchemySupplySet,RawMaterial,Safe"
246,"Aluminum funnel (small)",0,2,"Alchemical,AlchemySupply,AlchemySupplySet,RawMaterial,Recent,Remembered,Safe"
247,"Stoppered jar: silty residue",399,145876,"Alchemical,AlchemySupply,AlchemySupplySet,Dangerous,RawMaterial,Stolen"
248,"Crystal bottle labeled “Nightglass”",251,91864,"Alchemical,AlchemySupply,AlchemySupplySet,Magic,RawMaterial,Safe"
249,"Sealed tin of aether clay",212,77412,"Alchemical,AlchemySupply,AlchemySupplySet,Dangerous,RawMaterial"
250,"Metal tongs (singe marks)",0,176,"Alchemical,AlchemySupply,AlchemySupplySet,RawMaterial,Safe"
251,"Dry pouch of forest soot",228,83374,"Alchemical,AlchemySupply,AlchemySupplySet,RawMaterial,Safe"
252,"Folded leaf: pressed arcane herbs",1,480,"Alchemical,AlchemySupply,AlchemySupplySet,Magic,RawMaterial,Safe"
253,"Corked vial: granular substance",298,108994,"Alchemical,AlchemySupply,AlchemySupplySet,RawMaterial,Safe"
254,"Small flask marked “unstable”",239,87573,"Alchemical,AlchemySupply,AlchemySupplySet,Dangerous,RawMaterial"
255,"Iron-bound jar (warm to touch)",3,1240,"Alchemical,AlchemySupply,AlchemySupplySet,Dangerous,RawMaterial"
256,"Pouch of crystallized sap",495,180849,"Alchemical,AlchemySupply,AlchemySupplySet,RawMaterial,Safe,Stolen"
257,"Steel stirring wand",51,18821,"Alchemical,AlchemySupply,AlchemySupplySet,RawMaterial,Safe"
258,"Vial of milky fluid (unlabeled)",16,5905,"Alchemical,AlchemySupply,AlchemySupplySet,RawMaterial,Safe"
259,"Cloth-wrapped extract bottle",0,4,"Alchemical,AlchemySupply,AlchemySupplySet,RawMaterial,Recent,Remembered,Safe"
260,"Jar of soft resin (sticky)",2,1073,"Alchemical,AlchemySupply,AlchemySupplySet,RawMaterial,Safe"
261,"Folded parchment: reagent notes",363,132593,"Alchemical,AlchemySupply,AlchemySupplySet,RawMaterial,Safe"
262,"Blue wax packet: scented extract",403,147294,"Alchemical,AlchemySupply,AlchemySupplySet,RawMaterial,Safe"
263,"Glass bottle: inert powder",0,12,"Alchemical,AlchemySupply,AlchemySupplySet,Magic,RawMaterial,Recent,Remembered,Safe"
264,"Pouch of powdered chalk mix",5,1993,"Alchemical,AlchemySupply,AlchemySupplySet,RawMaterial,Safe"
265,"Charcoal-streaked stirring rod",0,142,"Alchemical,AlchemySupply,AlchemySupplySet,RawMaterial,Safe"
266,"Thin metal bowl (stained)",266,97420,"Alchemical,AlchemySupply,AlchemySupplySet,RawMaterial,Safe"
267,"Pressed flower bundle (dried)",64,23647,"Alchemical,AlchemySupply,AlchemySupplySet,RawMaterial,Safe"
268,"Vial of unstable ether salt",30,11249,"Alchemical,AlchemySupply,AlchemySupplySet,Dangerous,RawMaterial"
269,"Wax-stoppered flask: ash slurry",488,178172,"Alchemical,AlchemySupply,AlchemySupplySet,Dangerous,RawMaterial,Stolen"
270,"Metal spoon (distilled residue)",456,166507,"Alchemical,AlchemySupply,AlchemySupplySet,Magic,RawMaterial,Safe"
271,"Glass tube of fine green powder",0,120,"Alchemical,AlchemySupply,AlchemySupplySet,RawMaterial,Safe"
272,"Labeled cork packet: bloodroot",0,87,"Alchemical,AlchemySupply,AlchemySupplySet,RawMaterial,Recent,Remembered,Safe"
273,"Small phial of binding gel",0,122,"Alchemical,AlchemySupply,AlchemySupplySet,Important,RawMaterial,Remembered,Safe"
274,"Dusty bottle: unknown extract",62,22819,"Alchemical,AlchemySupply,AlchemySupplySet,Dangerous,RawMaterial,Stolen"
275,"Sachet labeled “burning sand”",305,111389,"Alchemical,AlchemySupply,AlchemySupplySet,Dangerous,RawMaterial"
276,"Round vial of beige silt",2,731,"Alchemical,AlchemySupply,AlchemySupplySet,RawMaterial,Safe"
277,"Soft pouch of dried root chips",4,1482,"Alchemical,AlchemySupply,AlchemySupplySet,RawMaterial,Safe"
278,"Alum-lined stone bowl",45,16750,"Alchemical,AlchemySupply,AlchemySupplySet,RawMaterial,Safe"
279,"Slender phial: bubbling green fluid",110,40340,"Alchemical,AlchemySupply,AlchemySupplySet,Dangerous,RawMaterial"
280,"Iron flask (corroded exterior)",40,14741,"Alchemical,AlchemySupply,AlchemySupplySet,Dangerous,RawMaterial"
281,"Corked jar: clear gel (jiggling)",0,44,"Alchemical,AlchemySupply,AlchemySupplySet,RawMaterial,Recent,Remembered,Safe"
282,"Powdered compound marked unstable",39,14238,"Alchemical,AlchemySupply,AlchemySupplySet,Dangerous,RawMaterial"
283,"Vial: rose-colored syrup",297,108642,"Alchemical,AlchemySupply,AlchemySupplySet,RawMaterial,Safe"
284,"Slotted ladle with char residue",95,34791,"Alchemical,AlchemySupply,AlchemySupplySet,Magic,RawMaterial,Safe"
285,"Pressed root disc in wax paper",60,22071,"Alchemical,AlchemySupply,AlchemySupplySet,RawMaterial,Safe"
286,"Dropper bottle: blue ink stain",383,140103,"Alchemical,AlchemySupply,AlchemySupplySet,RawMaterial,Safe"
287,"Char-stained crucible (chipped)",39,14475,"Alchemical,AlchemySupply,AlchemySupplySet,RawMaterial,Safe"
288,"Blackened bowl with dried resin",2,935,"Alchemical,AlchemySupply,AlchemySupplySet,RawMaterial,Safe,Stolen"
289,"Tightly-sealed vial: volatile",0,297,"Alchemical,AlchemySupply,AlchemySupplySet,Dangerous,RawMaterial"
290,"Wrapped bundle: herb-scented rags",0,102,"Alchemical,AlchemySupply,AlchemySupplySet,RawMaterial,Recent,Remembered,Safe"
291,"Glass ampoule (sealed tip)",4,1477,"Alchemical,AlchemySupply,AlchemySupplySet,RawMaterial,Safe"
292,"Extract sample in amber vial",0,62,"Alchemical,AlchemySupply,AlchemySupplySet,Important,Magic,RawMaterial,Remembered,Safe"
293,"Cracked stirring rod",359,131150,"Alchemical,AlchemySupply,AlchemySupplySet,RawMaterial,Safe,Stolen"
294,"Tin of dried nettle leaves",0,111,"Alchemical,AlchemySupply,AlchemySupplySet,RawMaterial,Safe"
295,"Unmarked vial (viscous yellow)",41,15222,"Alchemical,AlchemySupply,AlchemySupplySet,Dangerous,RawMaterial"
296,"Soft-wax tub of herbal paste",43,15890,"Alchemical,AlchemySupply,AlchemySupplySet,RawMaterial,Safe"
297,"Dusty labeled sachet: sulfur blend",335,122354,"Alchemical,AlchemySupply,AlchemySupplySet,Dangerous,RawMaterial"
298,"Stoppered jar: swirling particles",0,41,"Alchemical,AlchemySupply,AlchemySupplySet,RawMaterial,Safe"
299,"Wide flask: dried sediment layer",32,12002,"Alchemical,AlchemySupply,AlchemySupplySet,RawMaterial,Safe"
300,"Brass-trimmed bottle (alum crystal)",4,1682,"Alchemical,AlchemySupply,AlchemySupplySet,RawMaterial,Safe"
301,"Copper button with four holes",9,3647,"NonMagic,PocketJunk,Safe,Trinket"
302,"Bent iron nail",367,134170,"NonMagic,PocketJunk,Safe,Trinket"
303,"Tiny glass marble (clear)",0,21,"NonMagic,PocketJunk,Recent,Remembered,Safe,Trinket"
304,"Cracked ceramic token",62,22911,"NonMagic,PocketJunk,Safe,Trinket"
305,"Loose safety pin (open)",3,1142,"Magic,NonMagic,PocketJunk,Safe,Trinket"
306,"Folded felt scrap (frayed)",306,111908,"NonMagic,PocketJunk,Safe,Stolen,Trinket"
307,"Tiny brass hook",518,189323,"NonMagic,PocketJunk,Safe,Trinket"
308,"Torn handbill corner",2,742,"NonMagic,PocketJunk,Recent,Remembered,Safe,Trinket"
309,"Canvas patch with glue residue",3,1403,"NonMagic,PocketJunk,Safe,Trinket"
310,"Button with mismatched thread",0,31,"NonMagic,PocketJunk,Recent,Remembered,Safe,Trinket"
311,"Key blank (unmarked)",0,59,"Important,NonMagic,PocketJunk,Remembered,Safe,Trinket"
312,"Pressed paper chip",490,178920,"Important,NonMagic,PocketJunk,Remembered,Safe,Trinket"
313,"Single shoelace tip (metal)",53,19472,"NonMagic,PocketJunk,Safe,Trinket"
314,"Paperclip (twisted)",41,15308,"Magic,NonMagic,PocketJunk,Safe,Trinket"
315,"Stained map fragment",24,9033,"NonMagic,PocketJunk,Safe,Trinket"
316,"Tiny cork ring",0,46,"NonMagic,PocketJunk,Recent,Remembered,Safe,Trinket"
317,"Old wool button",12,4512,"NonMagic,PocketJunk,Safe,Trinket"
318,"Safety pin with bent clasp",457,166982,"NonMagic,PocketJunk,Safe,Trinket"
319,"Small paper tag (blank)",3,1334,"NonMagic,PocketJunk,Safe,Stolen,Trinket"
320,"Broken zipper tooth",413,150920,"NonMagic,PocketJunk,Safe,Trinket"
321,"Piece of graphite pencil lead",0,63,"NonMagic,PocketJunk,Recent,Remembered,Safe,Trinket"
322,"Crimped bottlecap",324,118427,"Magic,NonMagic,PocketJunk,Safe,Trinket"
323,"Snapped linen thread piece",0,6,"NonMagic,PocketJunk,Recent,Remembered,Safe,Trinket"
324,"Polished button (faded symbol)",4,1803,"NonMagic,PocketJunk,Safe,Trinket"
325,"Corner of a playing card",246,90002,"NonMagic,PocketJunk,Safe,Trinket"
326,"Bit of cotton fluff",82,29983,"NonMagic,PocketJunk,Safe,Trinket"
327,"Tiny copper bell (no clapper)",0,183,"NonMagic,PocketJunk,Safe,Trinket"
328,"Loop of braided thread",2,921,"NonMagic,PocketJunk,Safe,Trinket"
329,"Loose marble (chipped)",0,132,"NonMagic,PocketJunk,Safe,Trinket"
330,"Ink-stained felt strip",0,83,"NonMagic,PocketJunk,Safe,Trinket"
331,"Old wax seal remnant",392,143291,"Magic,NonMagic,PocketJunk,Safe,Trinket"
332,"Shoe eyelet (detached)",6,2229,"NonMagic,PocketJunk,Safe,Trinket"
333,"Ring box hinge",493,180083,"NonMagic,PocketJunk,Safe,Trinket"
334,"Cracked ivory button",318,116174,"NonMagic,PocketJunk,Safe,Trinket"
335,"Scrap of woven thread",2,849,"NonMagic,PocketJunk,Safe,Stolen,Trinket"
336,"Tiny brass grommet",0,28,"Important,NonMagic,PocketJunk,Remembered,Safe,Trinket"
337,"Bent copper washer",486,177745,"NonMagic,PocketJunk,Safe,Trinket"
338,"Broken hook and eye set",139,51072,"NonMagic,PocketJunk,Safe,Trinket"
339,"Scrap of felt ribbon",2,812,"NonMagic,PocketJunk,Safe,Trinket"
340,"Blank coin-shaped disk",0,106,"NonMagic,PocketJunk,Recent,Remembered,Safe,Trinket"
341,"Loose thread ball (grey)",1,417,"NonMagic,PocketJunk,Safe,Trinket"
342,"Faded handbill stub",53,19360,"NonMagic,PocketJunk,Safe,Trinket"
343,"Cork plug with worn edge",25,9247,"Magic,NonMagic,PocketJunk,Safe,Trinket"
344,"Shirt tag fragment (illegible)",325,118891,"NonMagic,PocketJunk,Safe,Trinket"
345,"Miniature key with broken teeth",11,4078,"NonMagic,PocketJunk,Safe,Trinket"
346,"Hollow button shell",0,11,"NonMagic,PocketJunk,Recent,Remembered,Safe,Trinket"
347,"Brass ring loop",2,772,"NonMagic,PocketJunk,Safe,Trinket"
348,"Scrap of canvas hem",0,180,"NonMagic,PocketJunk,Safe,Trinket"
349,"Loose pin back",482,176287,"NonMagic,PocketJunk,Safe,Stolen,Trinket"
350,"Sliver of pressed paperboard",3,1427,"NonMagic,PocketJunk,Safe,Trinket"
351,"Cut buttonhole sample",129,47101,"NonMagic,PocketJunk,Safe,Trinket"
352,"Threaded cap from ink bottle",102,37280,"NonMagic,PocketJunk,Safe,Trinket"
353,"Sticker backing fragment",49,18174,"NonMagic,PocketJunk,Safe,Trinket"
354,"Hook from earring clasp",35,12812,"NonMagic,PocketJunk,Safe,Trinket"
355,"Bent split ring",5,2165,"NonMagic,PocketJunk,Safe,Trinket"
356,"Torn scrap of wrapping paper",0,106,"NonMagic,PocketJunk,Safe,Stolen,Trinket"
357,"Cracked ceramic shard (flat)",4,1536,"NonMagic,PocketJunk,Safe,Trinket"
358,"Loop of iron wire (tiny)",0,55,"Magic,NonMagic,PocketJunk,Safe,Trinket"
359,"Stamped metal disk (no markings)",355,129707,"NonMagic,PocketJunk,Safe,Trinket"
360,"Pinhole punch card chip",41,15137,"NonMagic,PocketJunk,Safe,Trinket"
361,"Piece of pocket lint",0,1,"NonMagic,PocketJunk,Recent,Remembered,Safe,Trinket"
362,"Button with oxidized metal",212,77512,"NonMagic,PocketJunk,Safe,Stolen,Trinket"
363,"Tassel fringe segment",81,29831,"NonMagic,PocketJunk,Safe,Trinket"
364,"Loose string knot (twine)",50,18316,"NonMagic,PocketJunk,Safe,Trinket"
365,"Half of a shirt tag",282,103084,"NonMagic,PocketJunk,Safe,Trinket"
366,"Twisted ring from journal clasp",5,2154,"NonMagic,PocketJunk,Safe,Trinket"
367,"Woolen fiber tuft",40,14762,"NonMagic,PocketJunk,Safe,Trinket"
368,"Scrap of sticker backing",0,7,"NonMagic,PocketJunk,Recent,Remembered,Safe,Trinket"
369,"Metal grommet fragment",61,22534,"Magic,NonMagic,PocketJunk,Safe,Trinket"
370,"Plastic rivet base",3,1361,"NonMagic,PocketJunk,Safe,Trinket"
371,"Tiny felt flower",33,12318,"NonMagic,PocketJunk,Safe,Stolen,Trinket"
372,"Twist of copper wire",181,66088,"NonMagic,PocketJunk,Safe,Trinket"
373,"Shiny brass paperclip",37,13844,"Magic,NonMagic,PocketJunk,Safe,Trinket"
374,"Hook from clasp set",0,42,"NonMagic,PocketJunk,Recent,Remembered,Safe,Trinket"
375,"Worn parchment shred",494,180322,"Important,NonMagic,PocketJunk,Remembered,Safe,Trinket"
376,"Frayed edge of envelope",47,17323,"NonMagic,PocketJunk,Safe,Trinket"
377,"Unthreaded needle eye",0,4,"NonMagic,PocketJunk,Recent,Remembered,Safe,Trinket"
378,"Piece of cracked buckle",406,148379,"NonMagic,PocketJunk,Safe,Trinket"
379,"String with knotted beads",4,1523,"NonMagic,PocketJunk,Safe,Trinket"
380,"Cork disc (cut unevenly)",0,115,"NonMagic,PocketJunk,Safe,Trinket"
381,"Split end of paper roll",18,6902,"Magic,NonMagic,PocketJunk,Safe,Trinket"
382,"Detached cloth label",73,26881,"NonMagic,PocketJunk,Safe,Trinket"
383,"Loop of thread (red)",105,38418,"NonMagic,PocketJunk,Safe,Stolen,Trinket"
384,"Metal clasp from document tie",25,9292,"NonMagic,PocketJunk,Safe,Trinket"
385,"Seam scrap (glued edge)",288,105332,"NonMagic,PocketJunk,Safe,Trinket"
386,"Padded strip of linen",36,13145,"NonMagic,PocketJunk,Safe,Trinket"
387,"Segment of pressed foil",2,1036,"NonMagic,PocketJunk,Safe,Trinket"
388,"Bit of wax thread",483,176301,"Magic,NonMagic,PocketJunk,Safe,Trinket"
389,"Partial string of mini-beads",21,7890,"NonMagic,PocketJunk,Safe,Trinket"
390,"Corner of receipt slip",10,3762,"NonMagic,PocketJunk,Safe,Stolen,Trinket"
391,"Twisted earring post",507,185331,"NonMagic,PocketJunk,Safe,Trinket"
392,"Splotch of hardened glue",0,27,"Important,NonMagic,PocketJunk,Remembered,Safe,Trinket"
393,"Ink blot sample (scrap)",0,8,"Magic,NonMagic,PocketJunk,Recent,Remembered,Safe,Trinket"
394,"Linen corner swatch",4,1583,"NonMagic,PocketJunk,Safe,Trinket"
395,"Tiny hook (brass tip)",86,31519,"NonMagic,PocketJunk,Safe,Trinket"
396,"Metal eyelet punch",0,149,"NonMagic,PocketJunk,Safe,Trinket"
397,"Cotton stitch demo scrap",9,3321,"NonMagic,PocketJunk,Safe,Stolen,Trinket"
398,"Piece of wire tag loop",25,9343,"NonMagic,PocketJunk,Safe,Trinket"
399,"Fringe from doll clothing",0,281,"NonMagic,PocketJunk,Safe,Trinket"
400,"Cardboard corner sample",381,139120,"NonMagic,PocketJunk,Safe,Trinket"
401,"Soapstone skull that hums when cold",331,120830,"NonMagic,Safe,Sentient,Trinket"
402,"Pocketwatch that ticks when insulted",0,203,"Device,NonMagic,Safe,Sentient"
403,"Snarky brass compass that only points west",0,7,"Device,NonMagic,Recent,Remembered,Safe,Sentient"
404,"Folded letter that sighs softly",496,181202,"NonMagic,Safe,Sentient,Stolen,Trinket"
405,"Tiny bell that rings when ignored",24,8801,"Magic,NonMagic,Safe,Sentient,Trinket"
406,"Worry stone that whispers regrets",482,176024,"NonMagic,Safe,Sentient,Trinket"
407,"Needle that points at nearest tavern",0,248,"NonMagic,Safe,Sentient,Tool"
408,"Coin that rattles if you lie",0,118,"Currency,Important,NonMagic,Remembered,Safe,Sentient,Trinket"
409,"Slate tile that corrects grammar",26,9732,"NonMagic,Safe,Sentient,Trinket"
410,"Cork that refuses to be removed",482,176240,"Magic,NonMagic,Safe,Sentient,Trinket"
411,"Eyeglass lens that winks occasionally",0,26,"Clothing,NonMagic,Recent,Remembered,Safe,Sentient"
412,"Copper badge that invents titles",4,1540,"NonMagic,Safe,Sentient,Trinket"
413,"Button that giggles when pressed",0,3,"NonMagic,Recent,Remembered,Safe,Sentient,Stolen,Trinket"
414,"Miniature harp that plays only off-key",17,6483,"Device,NonMagic,Safe,Sentient"
415,"Sealed vial that insists it’s empty",243,89015,"NonMagic,Potion,Safe,Sentient"
416,"Iron ring that sulks when wet",0,7,"Clothing,NonMagic,Recent,Remembered,Safe,Sentient"
417,"Silver whistle that only dogs ignore",41,15048,"Device,Magic,NonMagic,Safe,Sentient"
418,"Lump of wax that disapproves silently",135,49323,"NonMagic,RawMaterial,Safe,Sentient"
419,"Journal page that remembers nothing",0,90,"NonMagic,Safe,Sentient,Stolen,Trinket"
420,"Tea cup that judges your manners",47,17444,"Clothing,NonMagic,Safe,Sentient"
421,"Bronze feather that won’t stop twitching",0,178,"Magic,NonMagic,RawMaterial,Safe,Sentient"
422,"Leather scrap that quotes obscure laws",7,2911,"Clothing,NonMagic,Safe,Sentient"
423,"Brass gear that criticizes your grip",490,179003,"NonMagic,Part,Safe,Sentient"
424,"Chalk nub that doodles rude gestures",0,8,"NonMagic,Part,Recent,Remembered,Safe,Sentient"
425,"Twine loop that recites limericks",8,3284,"NonMagic,Part,Safe,Sentient"
426,"Metal cube that hums when stared at",75,27451,"Device,NonMagic,Safe,Sentient"
427,"Single shoe lace that tangles spitefully",0,1,"Clothing,NonMagic,Recent,Remembered,Safe,Sentient"
428,"Tooth that tells tall tales",16,6045,"NonMagic,Safe,Sentient,Weapon"
429,"Shard of mirror that flatters unconvincingly",57,21020,"Magic,NonMagic,Safe,Sentient,Trinket"
430,"Copper disc that makes suggestions",2,974,"NonMagic,Safe,Sentient,Trinket"
431,"Cloth patch that mumbles directions",0,5,"Clothing,NonMagic,Recent,Remembered,Safe,Sentient"
432,"Wood chip that critiques poetry",421,153774,"NonMagic,RawMaterial,Safe,Sentient,Stolen"
433,"Soap bubble in a jar that giggles",0,24,"Magic,NonMagic,Potion,Safe,Sentient"
434,"Stone bead that swears under its breath",0,33,"NonMagic,Safe,Sentient,Trinket"
435,"Ink vial that refuses refills",12,4577,"NonMagic,Potion,Safe,Sentient"
436,"Bone chip that’s “seen worse”",457,166942,"NonMagic,Safe,Sentient,Trinket"
437,"Worn coin that recounts old wars",3,1389,"Currency,NonMagic,Safe,Sentient"
438,"Fingernail clipping that offers advice",0,2,"NonMagic,RawMaterial,Recent,Remembered,Safe,Sentient"
439,"Scarf tassel that mutters gossip",513,187349,"Clothing,NonMagic,Safe,Sentient"
440,"Twig with a martyr complex",7,2719,"NonMagic,RawMaterial,Safe,Sentient,Stolen"
441,"Screw that grumbles during storms",0,16,"Important,NonMagic,Part,Remembered,Safe,Sentient"
442,"Knitted pouch that narrates travel logs",2,1044,"Clothing,NonMagic,Safe,Sentient"
443,"Ink blot that critiques fashion",2,888,"NonMagic,Safe,Sentient,Trinket"
444,"Bottlecap that hosts debates",99,36219,"Magic,NonMagic,Safe,Sentient,Trinket"
445,"Paperclip that asks about your day",100,36502,"NonMagic,Safe,Sentient,Trinket"
446,"Tin whistle that wheezes nervously",0,9,"Device,NonMagic,Recent,Remembered,Safe,Sentient"
447,"Bone button that shouts opinions",42,15431,"Clothing,NonMagic,Safe,Sentient"
448,"Crumpled leaf that longs for autumn",444,162219,"Nature,NonMagic,Safe,Sentient"
449,"Eyedropper that blinks",0,181,"NonMagic,Potion,Safe,Sentient"
450,"Unlit match that tells bedtime stories",0,4,"NonMagic,Recent,Remembered,Safe,Sentient,Weapon"
451,"Half loaf of crusty bread",53,19472,"FOOD,NonMagic,Safe,Stolen"
452,"Wedge of hard cheese (cracked)",238,87201,"Dangerous,FOOD,NonMagic"
453,"Sealed tin of smoked fish",0,51,"FOOD,NonMagic,Recent,Remembered,Safe"
454,"Dried sausage link (wrapped)",4,1813,"FOOD,NonMagic,Safe"
455,"Pouch of trail mix with nuts and berries",3,1422,"FOOD,NonMagic,Safe"
456,"Slice of rye toast (charred edge)",0,3,"FOOD,NonMagic,Recent,Remembered,Safe"
457,"Salted meat scrap in wax paper",17,6531,"FOOD,NonMagic,Safe"
458,"Wax-sealed jar of gooseberry jam",39,14586,"FOOD,NonMagic,Safe"
459,"Corked bottle of red wine (aged)",134,49000,"Dangerous,FOOD,Magic,NonMagic"
460,"Melted lump of honey candy",2,872,"FOOD,NonMagic,Safe"
461,"Crumb-covered slice of pie (unidentified)",0,2,"FOOD,NonMagic,Recent,Remembered,Safe"
462,"Cracked biscuit with mold spots",100,36701,"Dangerous,FOOD,NonMagic"
463,"Boiled egg (smeared)",0,101,"FOOD,Magic,NonMagic,Safe"
464,"Bundle of dried seaweed",3,1149,"FOOD,NonMagic,Safe,Stolen"
465,"Tiny wrapped caramel",0,4,"FOOD,NonMagic,Recent,Remembered,Safe"
466,"Bone-in chicken leg (cold)",1,678,"FOOD,NonMagic,Safe"
467,"Dry stick of jerky (peppered)",24,9098,"FOOD,NonMagic,Safe"
468,"Crumbly hunk of blue cheese",104,38121,"FOOD,NonMagic,Safe"
469,"Half-eaten meat pie (cool)",0,359,"FOOD,NonMagic,Safe"
470,"Wrapped sugar cube packet",0,24,"FOOD,NonMagic,Safe"
471,"Flatbread roll with onion flake",0,7,"FOOD,NonMagic,Recent,Remembered,Safe"
472,"Sachet of herbal tea (faded label)",362,132240,"Dangerous,FOOD,Magic,NonMagic"
473,"Pickled egg in cloudy brine",28,10539,"FOOD,NonMagic,Safe"
474,"Bottle of plum liquor (half-full)",24,8821,"FOOD,NonMagic,Safe"
475,"Chunk of stale sponge cake",4,1731,"FOOD,NonMagic,Safe"
476,"Folded pastry with fruit filling",5,2124,"FOOD,NonMagic,Safe"
477,"Clay-sealed jar of olives",183,67019,"FOOD,NonMagic,Safe"
478,"Tin cup of stew grease (solid)",501,183047,"Dangerous,FOOD,NonMagic,Stolen"
479,"Bundle of wrapped taffy (various colors)",0,18,"FOOD,NonMagic,Recent,Remembered,Safe"
480,"Brown apple slice (soft)",2,839,"FOOD,Magic,NonMagic,Safe"
481,"Cracked plate with soup residue",3,1223,"FOOD,NonMagic,Safe"
482,"Waxy chunk of smoked cheese",117,42904,"FOOD,NonMagic,Safe"
483,"Cup of cold porridge (with spoon)",0,35,"FOOD,NonMagic,Safe"
484,"Flask of thick mushroom broth",40,14722,"FOOD,NonMagic,Safe"
485,"Dried fig (wrinkled)",10,3810,"FOOD,NonMagic,Safe"
486,"Bag of stale peanuts (salted)",16,6137,"FOOD,NonMagic,Safe"
487,"Strip of eel jerky",42,15587,"FOOD,NonMagic,Safe,Stolen"
488,"Tin of preserved lemon wedges",0,5,"FOOD,NonMagic,Safe"
489,"Small meat skewer (grilled)",0,62,"FOOD,Magic,NonMagic,Safe"
490,"Box of powdered sugar cubes",10,3872,"FOOD,NonMagic,Safe"
491,"Wedge of dragonfruit (dried)",9,3444,"FOOD,NonMagic,Safe"
492,"Jar of pickled cabbage",4,1814,"FOOD,NonMagic,Safe"
493,"Wrapped meat dumpling (cold)",3,1388,"FOOD,NonMagic,Safe"
494,"Cracked ceramic dish of baked beans",1,450,"FOOD,NonMagic,Safe"
495,"Old soup bone (licked clean)",106,38712,"Dangerous,FOOD,NonMagic,Stolen"
496,"Rusted flask of clear liquor",226,82643,"Dangerous,FOOD,Magic,NonMagic"
497,"Folded paper bag with popcorn kernels",0,263,"FOOD,NonMagic,Safe"
498,"Cloth bundle of boiled potatoes",5,1932,"FOOD,NonMagic,Safe"
499,"Stale bread crust (gnawed)",2,1040,"FOOD,NonMagic,Safe"
500,"Corked bottle labeled “beet cordial”",216,79140,"Dangerous,FOOD,NonMagic"
501,"Grain biscuit (preserved)",46,17083,"FOOD,NonMagic,Safe"
502,"Cured duck leg (string-tied)",494,180319,"FOOD,NonMagic,Safe,Sentient"
503,"Glass with sugar rim residue",2,940,"FOOD,Magic,NonMagic,Safe"
504,"Dried turnip wedge (grayish)",18,6571,"FOOD,NonMagic,Safe"
505,"Empty pastry shell (flaky)",0,102,"FOOD,NonMagic,Safe"
506,"Jar of smoked mushrooms in oil",1,392,"FOOD,NonMagic,Safe,Stolen"
507,"Moldy hunk of flatbread",376,137602,"Dangerous,FOOD,NonMagic"
508,"Folded leaf-wrapped rice ball",0,37,"FOOD,NonMagic,Recent,Remembered,Safe,Sentient"
509,"Cup of beet soup (congealed)",3,1111,"FOOD,NonMagic,Safe"
510,"Apple core (bitten)",0,349,"FOOD,Magic,NonMagic,Safe"
511,"Slice of cured ham (thin)",0,98,"FOOD,NonMagic,Safe"
512,"Jug of berry mead (sealed)",1,366,"FOOD,NonMagic,Safe,Stolen"
513,"Pack of beef strips (dry)",2,1007,"FOOD,NonMagic,Safe"
514,"Bowl of stewed lentils (cold)",0,47,"FOOD,NonMagic,Recent,Remembered,Safe,Sentient"
515,"Sachet of nutmeg and cinnamon",25,9308,"FOOD,NonMagic,Safe"
516,"Bottle of spring cider (effervescent)",0,8,"FOOD,NonMagic,Recent,Remembered,Safe"
517,"Boiled dumpling with dried herbs",0,122,"FOOD,NonMagic,Safe"
518,"Cloth-wrapped loaf with sesame crust",0,23,"FOOD,Magic,NonMagic,Safe"
519,"Cut wedge of savory tart",5,2035,"FOOD,NonMagic,Safe"
520,"Jar of blackberry preserves",0,89,"FOOD,NonMagic,Safe"
521,"Pouch of dry oats",39,14379,"FOOD,NonMagic,Safe"
522,"Lump of hard sugar (clear)",0,127,"FOOD,NonMagic,Safe"
523,"Sticky bun piece (crumbling)",4,1819,"FOOD,NonMagic,Safe"
524,"Cup of curdled cream",142,52108,"Dangerous,FOOD,NonMagic"
525,"Wax paper with toffee flakes",0,33,"FOOD,NonMagic,Safe"
526,"Can of crab meat (sealed)",80,29210,"FOOD,Magic,NonMagic,Safe"
527,"Bit of roasted garlic clove",2,780,"FOOD,Important,NonMagic,Remembered,Safe"
528,"Dried fruit slice (mixed)",0,181,"FOOD,NonMagic,Safe,Stolen"
529,"Bottle of cherry wine (stoppered)",2,983,"FOOD,NonMagic,Safe"
530,"Roll of dried noodles",3,1140,"FOOD,NonMagic,Safe"
531,"Steamed grain patty (cool)",0,69,"FOOD,Magic,NonMagic,Safe,Sentient"
532,"Oil-soaked bread crust",0,316,"FOOD,NonMagic,Safe"
533,"Rind of aged cheese",198,72301,"Dangerous,FOOD,NonMagic,Stolen"
534,"Powdered milk tin (sealed)",60,22102,"FOOD,Magic,NonMagic,Safe"
535,"Sweet bun half (sticky)",0,29,"FOOD,NonMagic,Recent,Remembered,Safe"
536,"Folded crepe with jam smear",0,17,"FOOD,NonMagic,Safe"
537,"Wrapped chocolate bit (melted)",0,93,"FOOD,NonMagic,Safe"
538,"Jar of green pickled peppers",40,14840,"FOOD,NonMagic,Safe"
539,"Wooden skewer with grilled onion",0,14,"FOOD,NonMagic,Safe,Sentient"
540,"Soft boiled egg (cool)",0,102,"FOOD,Magic,NonMagic,Safe"
541,"Flour sack corner (torn)",3,1382,"FOOD,NonMagic,Safe"
542,"Ceramic spoon with broth stain",70,25902,"FOOD,NonMagic,Safe"
543,"Corked jug of vinegar",12,4731,"FOOD,Magic,NonMagic,Safe"
544,"Pouch of rock salt",11,4114,"FOOD,Important,NonMagic,Remembered,Safe,Sentient"
545,"Split loaf with butter marks",0,244,"FOOD,NonMagic,Safe,Stolen"
546,"Packet of powdered cocoa",0,8,"FOOD,NonMagic,Recent,Remembered,Safe,Sentient"
547,"Bag of pressed raisins",3,1371,"FOOD,Magic,NonMagic,Safe"
548,"Piece of charred crust",158,58001,"Dangerous,FOOD,NonMagic,Sentient"
549,"Cured sausage round (sliced)",4,1734,"FOOD,Magic,NonMagic,Safe"
550,"Bowl of chilled tomato soup",0,4,"FOOD,NonMagic,Recent,Remembered,Safe,Sentient"
551,"Vial of ink that writes secrets unasked",2,834,"Device,Magic,Safe,Sentient,Trinket"
552,"Glove that crushes what it holds",112,41180,"Dangerous,NonMagic,Sentient,Weapon"
553,"Mirror shard that swaps reflections",0,7,"Device,Magic,Magic,Recent,Remembered,Sentient,Trinket"
554,"Lantern that glows when lies are told",0,28,"Device,Device,Magic,Safe,Sentient"
555,"Comb that whispers rumors while used",5,2010,"Clothing,Dangerous,NonMagic,Sentient"
556,"Tooth that sharpens itself daily",353,129184,"Dangerous,Magic,NonMagic,Sentient,Weapon"
557,"Rope that knots when watched",0,93,"Magic,Part,Safe,Sentient"
558,"Pen nib that stabs when insulted",0,5,"Dangerous,NonMagic,Recent,Remembered,Sentient,Tool"
559,"Hourglass that steals time",483,176509,"Dangerous,Device,Magic,Magic,NonMagic,Sentient"
560,"Tuning fork that causes headaches",0,122,"Dangerous,Device,Sentient,Tool"
561,"Pouch that rearranges contents",0,3,"Magic,Magic,NonMagic,Part,Recent,Remembered,Sentient"
562,"Candle stub that chants spells",32,11867,"Magic,NonMagic,Potion,Sentient"
563,"Fork that balances on its tines",0,27,"Clothing,Magic,Safe,Sentient"
564,"Flask of laughter that won’t stop",86,31601,"Dangerous,Magic,Potion,Sentient"
565,"Knife that won’t cut food",3,1427,"Dangerous,Magic,NonMagic,Sentient,Tool"
566,"Tome that misquotes everything",1,365,"Magic,NonMagic,Sentient,Trinket"
567,"Coin that flips itself",0,4,"Currency,Magic,Magic,NonMagic,Recent,Remembered,Sentient"
568,"Shoelace that loops into knots",98,36090,"Clothing,Dangerous,NonMagic,Sentient"
569,"Quill that rewrites intentions",0,6,"Magic,NonMagic,Recent,Remembered,Sentient,Tool"
570,"Stone that hums when buried",0,154,"Magic,RawMaterial,Safe,Sentient"
571,"Spoon that siphons heat",0,152,"Clothing,Magic,Safe,Sentient"
572,"Hat that swaps languages mid-sentence",0,89,"Clothing,Magic,Magic,NonMagic,Sentient"
573,"Spectacles that hide monsters",0,1,"Clothing,Magic,NonMagic,Recent,Remembered,Sentient"
574,"Razor that sings opera",10,3801,"Magic,Safe,Sentient,Tool"
575,"Bell that chimes regret",82,30099,"Magic,Magic,Safe,Sentient,Trinket"
576,"Teacup that scalds the unworthy",4,1817,"Clothing,Dangerous,NonMagic,Sentient"
577,"Curtain ring that obscures faces",0,42,"Magic,Safe,Sentient,Trinket"
578,"Scarf that strangles gently",136,49988,"Clothing,Dangerous,Magic,NonMagic,Sentient"
579,"Compass that points to danger",0,7,"Device,Magic,Recent,Remembered,Sentient,Tool"
580,"Lantern oil that whispers in rhyme",27,10203,"Magic,Magic,Potion,Safe,Sentient"
581,"Wand that fires itself at dusk",100,36501,"Dangerous,Device,Magic,Sentient"
582,"Belt buckle that unfastens at lies",0,214,"Clothing,Magic,Safe,Sentient"
583,"Snuffbox that refills with dust",0,30,"Magic,NonMagic,Potion,Sentient"
584,"Inkpot that darkens light",0,5,"Magic,NonMagic,Potion,Recent,Remembered,Sentient"
585,"Rattle that summons vermin",517,188811,"Dangerous,NonMagic,Sentient,Trinket"
586,"Cracked lens that reveals too much",0,83,"Clothing,Dangerous,Magic,NonMagic,Sentient"
587,"Saddle strap that unbuckles uphill",0,102,"Magic,Part,Safe,Sentient"
588,"Dice that never stop rolling",28,10223,"Currency,Magic,Safe,Sentient"
589,"Boot heel that walks backward",94,34444,"Clothing,Dangerous,NonMagic,Sentient"
590,"Stained glove that reverses time slightly",0,29,"Clothing,Important,Magic,Remembered,Safe,Sentient"
591,"Envelope that seals intentions",3,1283,"Magic,Magic,Safe,Sentient,Trinket"
592,"Clock face that screams at noon",72,26427,"Dangerous,Device,Sentient,Tool"
593,"Bone spoon that slurps uninvited",1,432,"Clothing,Dangerous,NonMagic,Sentient"
594,"Weathered wand that denies magic",0,347,"Magic,Magic,Potion,Safe,Sentient"
595,"Puzzle box that resets memories",0,73,"Magic,Magic,NonMagic,Sentient,Trinket"
596,"Dagger hilt that giggles",411,150120,"Dangerous,NonMagic,Sentient,Weapon"
597,"Paperclip that cuts flesh",25,9302,"Dangerous,Magic,NonMagic,Part,Sentient"
598,"Thread that sews itself into fabric",5,1831,"Magic,Part,Safe,Sentient"
599,"Button that swaps places with others",0,118,"Clothing,Magic,Magic,Safe,Sentient"
600,"Cup that forgets its contents",100,36502,"Clothing,Magic,Safe,Sentient"
601,"Round river stone with pale veins",5,1839,"Nature,NonMagic,RawMaterial,Safe"
602,"Sprig of dried lavender",22,8201,"FOOD,Nature,NonMagic,Safe"
603,"Flat gray pebble (smooth)",0,2,"Nature,NonMagic,RawMaterial,Recent,Remembered,Safe"
604,"Bark chip with lichen spots",0,93,"Nature,NonMagic,RawMaterial,Safe"
605,"Golden acorn (polished)",134,49121,"Magic,Nature,NonMagic,Safe,Trinket"
606,"Snail shell with spiral cracks",0,29,"Nature,NonMagic,Safe,Trinket"
607,"Leaf skeleton (intact)",0,240,"Nature,NonMagic,Safe,Trinket"
608,"Small pinecone (closed)",1,482,"Nature,NonMagic,RawMaterial,Safe"
609,"White mushroom cap (dried)",47,17440,"Dangerous,FOOD,Nature,NonMagic"
610,"Clump of moss (spongy)",0,7,"Nature,NonMagic,RawMaterial,Recent,Remembered,Safe"
611,"Tiny bird feather (blue)",2,1012,"Nature,NonMagic,Safe,Trinket"
612,"Smooth black seed pod",1,366,"Nature,NonMagic,RawMaterial,Safe"
613,"Flat skipping stone (scuffed)",0,14,"Nature,NonMagic,RawMaterial,Safe"
614,"Curled oak leaf (brown)",0,92,"Nature,NonMagic,Safe,Trinket"
615,"Segment of reed (hollow)",24,8881,"Nature,NonMagic,RawMaterial,Safe"
616,"Frostbitten leaf fragment",0,1,"Nature,NonMagic,Recent,Remembered,Safe,Trinket"
617,"Flower petal (pressed)",8,3184,"Nature,NonMagic,Safe,Trinket"
618,"Green sprout (folded)",0,27,"Nature,NonMagic,RawMaterial,Safe"
619,"Shell fragment (iridescent)",1,441,"Nature,NonMagic,RawMaterial,Safe"
620,"Hollow nut shell (cracked)",30,11030,"Nature,NonMagic,RawMaterial,Safe"
621,"Patch of dried grass",0,12,"Nature,NonMagic,RawMaterial,Safe"
622,"Stick with four knots",48,17881,"Nature,NonMagic,RawMaterial,Safe"
623,"Wilted wildflower stem",0,53,"Nature,NonMagic,Safe,Trinket"
624,"Clump of clay soil",0,145,"Nature,NonMagic,RawMaterial,Safe"
625,"Curled vine segment",10,3819,"Nature,NonMagic,RawMaterial,Safe"
626,"Seed husk (split)",2,883,"Nature,NonMagic,RawMaterial,Safe"
627,"Dewdrop trapped in resin",0,4,"Nature,NonMagic,Recent,Remembered,Safe,Trinket"
628,"Charred root tip",0,99,"Nature,NonMagic,RawMaterial,Safe"
629,"Dusty antler nub",6,2483,"Nature,NonMagic,Safe,Trinket"
630,"Hollow cattail tube",0,30,"Nature,NonMagic,RawMaterial,Safe"
631,"Smooth pine needle cluster",0,3,"Nature,NonMagic,RawMaterial,Recent,Remembered,Safe"
632,"Twig shaped like a fork",3,1357,"Nature,NonMagic,RawMaterial,Safe"
633,"Translucent feather (long)",4,1510,"Magic,Nature,Safe,Trinket"
634,"Stone with fossil impression",101,37002,"Nature,NonMagic,RawMaterial,Safe"
635,"Mushroom puffball (flat)",0,109,"Dangerous,FOOD,Nature,NonMagic"
636,"Bundle of soft fur",0,118,"Nature,NonMagic,RawMaterial,Safe"
637,"Frozen leaf shard",0,178,"Nature,NonMagic,Safe,Trinket"
638,"Red berry on dry stem",0,6,"FOOD,Nature,NonMagic,Recent,Remembered,Safe"
639,"Small insect wing (brittle)",0,83,"Nature,NonMagic,RawMaterial,Safe"
640,"Birch bark curl",12,4621,"Nature,NonMagic,RawMaterial,Safe"
641,"Cocoon shell (empty)",0,17,"Nature,NonMagic,Safe,Trinket"
642,"Fox whisker",0,2,"Nature,NonMagic,Recent,Remembered,Safe,Trinket"
643,"Sand clump with shell bits",0,175,"Nature,NonMagic,RawMaterial,Safe"
644,"Bee body (intact)",25,9303,"Nature,NonMagic,Safe,Trinket"
645,"Stone disk with hole",0,19,"Nature,NonMagic,RawMaterial,Safe"
646,"Tiny frog skull",107,39402,"Dangerous,Nature,NonMagic,Trinket"
647,"Smooth lump of amber",100,36501,"Nature,NonMagic,RawMaterial,Safe"
648,"Twisted thorn branch",2,1043,"Nature,NonMagic,RawMaterial,Safe"
649,"Bone fragment (gnawed)",8,2920,"Nature,NonMagic,Safe,Trinket"
650,"Sprig of rosemary (dried)",0,49,"FOOD,Nature,NonMagic,Safe"
651,"Soft green moss ball",0,5,"Nature,NonMagic,RawMaterial,Recent,Remembered,Safe"
652,"Shiny black beetle shell",0,110,"Nature,NonMagic,RawMaterial,Safe"
653,"Pebble shaped like a heart",0,361,"Nature,NonMagic,Safe,Trinket"
654,"Hollow reed whistle",0,7,"Nature,NonMagic,Part,Recent,Remembered,Safe"
655,"Hawk talon sheath",3,1421,"Nature,NonMagic,Safe,Trinket"
656,"Snowflake fossil in stone",135,49294,"Magic,Nature,RawMaterial,Safe"
657,"Nest lining fluff",0,13,"Nature,NonMagic,RawMaterial,Safe"
658,"Worm casting clump",0,303,"Nature,NonMagic,RawMaterial,Safe"
659,"Bit of truffle root",2,840,"FOOD,Nature,NonMagic,Safe"
660,"Red maple seed pair",0,8,"Nature,NonMagic,RawMaterial,Recent,Remembered,Safe"
661,"Acorn cap (cracked)",1,390,"Nature,NonMagic,RawMaterial,Safe"
662,"Lump of sap with bark",0,21,"Nature,NonMagic,RawMaterial,Safe"
663,"Moss scrap with tiny spores",0,38,"Nature,NonMagic,RawMaterial,Safe"
664,"Lichen flake (dull green)",0,119,"Nature,NonMagic,RawMaterial,Safe"
665,"Feather with shifting colors",0,15,"Magic,Nature,Safe,Trinket"
666,"Firefly abdomen casing",27,10093,"Nature,NonMagic,Safe,Trinket"
667,"Bone shard (etched)",208,76201,"Dangerous,Nature,NonMagic,Trinket"
668,"Grain husk cluster",0,307,"Nature,NonMagic,RawMaterial,Safe"
669,"Patch of dried pond algae",49,18002,"Nature,NonMagic,RawMaterial,Safe"
670,"Driftwood chip (light)",0,281,"Nature,NonMagic,RawMaterial,Safe"
671,"Silkworm cocoon fragment",7,2630,"Nature,NonMagic,RawMaterial,Safe"
672,"Fuzzy caterpillar skin",0,174,"Nature,NonMagic,Safe,Trinket"
673,"Petal fragment (glowing edge)",0,6,"Magic,Nature,Recent,Remembered,Safe,Trinket"
674,"Dragonfly wing (tattered)",0,230,"Nature,NonMagic,Safe,Trinket"
675,"Seedling with fine roots",0,22,"Nature,NonMagic,RawMaterial,Safe"
676,"Bark sliver with rune-like marks",3,1420,"Magic,Nature,RawMaterial,Safe"
677,"Stone with spiral groove",1,365,"Nature,NonMagic,RawMaterial,Safe"
678,"Crystal fragment with moss",0,102,"Magic,Nature,RawMaterial,Safe"
679,"Speckled egg shell piece",5,1877,"Nature,NonMagic,Safe,Trinket"
680,"Antler chip with smooth polish",0,9,"Nature,NonMagic,Recent,Remembered,Safe,Trinket"
681,"Slick patch of lichen",0,11,"Nature,NonMagic,RawMaterial,Safe"
682,"Toad print in mud chip",5,2103,"Nature,NonMagic,RawMaterial,Safe"
683,"Single pine needle (red)",0,49,"Nature,NonMagic,RawMaterial,Safe"
684,"Stick with embedded pebble",0,340,"Nature,NonMagic,RawMaterial,Safe"
685,"Shell bead (cracked)",22,8303,"Nature,NonMagic,RawMaterial,Safe"
686,"Sprig of mint (dry)",0,92,"FOOD,Nature,NonMagic,Safe"
687,"Thorn tip (blood-stained)",121,44501,"Dangerous,Nature,NonMagic,Trinket"
688,"Pebble with naturally formed hole",0,61,"Nature,NonMagic,RawMaterial,Safe"
689,"Leaf with silvery veins",0,99,"Nature,NonMagic,Safe,Trinket"
690,"Tendril knot (tight)",0,31,"Nature,NonMagic,RawMaterial,Safe"
691,"Spore pod (sealed)",1,701,"FOOD,Nature,NonMagic,Safe"
692,"Web strand on twig",0,100,"Nature,NonMagic,RawMaterial,Safe"
693,"Deer hair tuft",0,5,"Nature,NonMagic,Recent,Remembered,Safe,Trinket"
694,"Moss-covered nut shell",0,49,"Nature,NonMagic,RawMaterial,Safe"
695,"Smooth pink seed",0,83,"Nature,NonMagic,RawMaterial,Safe"
696,"Tiny flower cluster (dry)",0,13,"Nature,NonMagic,Safe,Trinket"
697,"Beetle casing (green sheen)",1,471,"Nature,NonMagic,Safe,Trinket"
698,"Rootlet bundle (twisted)",0,273,"Nature,NonMagic,RawMaterial,Safe"
699,"Stone chip with magnetic pull",0,7,"Magic,Nature,RawMaterial,Recent,Remembered,Safe"
700,"Bark flake with black fungus",3,1140,"Dangerous,Nature,NonMagic,Trinket"
701,"Block of Molding - cheese - D10 for freshness 1 fresh 10 block of mold",288,105153,"Alchemical,AlchemySupplySet,Dangerous,FOOD,Important,Magic,PocketJunk,Weapon"
